"0","genome <- readData(""data"", format = ""VCF"")"
"1","|            :            |            :            | 100 %"
"1",""
"1","
"
"1",""
"1","|"
"1","="
"1","="
"1","="
"1","="
"1","="
"1","="
"1","="
"1","="
"1","="
"1","="
"1","="
"1","="
"1","="
"1","="
"1","="
"1","="
"1","="
"1","="
"1","="
"1","="
"1","="
"1","="
"1","="
"1","="
"1","="
"1","="
"1","="
"1","="
"1","="
"1","="
"1","="
"1","="
"1","="
"1","="
"1","="
"1","="
"1","="
"1","="
"1","="
"1","="
"1","="
"1","="
"1","="
"1","="
"1","="
"1","="
"1","="
"1","="
"1","="
"1","="
"1","="
"1","="
"1","
"
